<?xml version="1.0" encoding="UTF-8"?>
<project-private xmlns="http://www.netbeans.org/ns/project-private/1">
    <editor-bookmarks xmlns="http://www.netbeans.org/ns/editor-bookmarks/2" lastBookmarkId="0"/>
    <open-files xmlns="http://www.netbeans.org/ns/projectui-open-files/2">
        <group>
            <file>file:/E:/Docencia/Material_Moduls/M5_ED/repoGit/ICX0_M05_ED_19_20/UF2/2_triangle/Demo_Triangle/test/demo_triangle/TriangleTest.java</file>
            <file>file:/E:/Docencia/Material_Moduls/M5_ED/repoGit/ICX0_M05_ED_19_20/UF2/2_triangle/Demo_Triangle/src/demo_triangle/Demo_Triangle.java</file>
            <file>file:/E:/Docencia/Material_Moduls/M5_ED/repoGit/ICX0_M05_ED_19_20/UF2/2_triangle/Demo_Triangle/src/demo_triangle/Triangle.java</file>
            <file>file:/E:/Docencia/Material_Moduls/M5_ED/repoGit/ICX0_M05_ED_19_20/UF2/2_triangle/Demo_Triangle/src/demo_triangle/TipusTriangle.java</file>
        </group>
    </open-files>
</project-private>
