<?xml version="1.0" encoding="UTF-8"?>
<project-private xmlns="http://www.netbeans.org/ns/project-private/1">
    <editor-bookmarks xmlns="http://www.netbeans.org/ns/editor-bookmarks/2" lastBookmarkId="0"/>
    <open-files xmlns="http://www.netbeans.org/ns/projectui-open-files/2">
        <group>
            <file>file:/F:/Docencia/Material_Moduls/M5_ED/repoGit/M05_ED_Samples_17_18/dam/20180111_AillamentC_M/src/pkg20171211_aillamentclasses/Persona.java</file>
            <file>file:/F:/Docencia/Material_Moduls/M5_ED/repoGit/M05_ED_Samples_17_18/dam/20180111_AillamentC_M/src/pkg20171211_aillamentclasses/IEmailManager.java</file>
            <file>file:/F:/Docencia/Material_Moduls/M5_ED/repoGit/M05_ED_Samples_17_18/dam/20180111_AillamentC_M/test/pkg20171211_aillamentclasses/PersonaTest.java</file>
            <file>file:/F:/Docencia/Material_Moduls/M5_ED/repoGit/M05_ED_Samples_17_18/dam/20180111_AillamentC_M/src/pkg20171211_aillamentclasses/EmailManager.java</file>
        </group>
    </open-files>
</project-private>
